{
    "rmse": 0.7245211648587819,
    "mae": 0.5825551188992694,
    "r2": 0.19674642423197297
}